image_id,cancer
736471439,0.22821328043937683
1591370361,0.04292939975857735
68070693,0.08008972555398941
361203119,0.16495539247989655
